{"epoch_loss":0.01793429687258759,"epoch_dice":0.9789753716303319,"_timestamp":1.7503934240363846e+09,"_wandb":{"runtime":49754},"_runtime":49384.343381527,"_step":16}