{"_timestamp":1.7503618003925087e+09,"_runtime":2602.560217622,"_step":0,"_wandb":{"runtime":2977},"epoch_loss":0.05697471141859283,"epoch_dice":0.9337766331891709}