{"_step":0,"epoch_loss":0.05560874919744033,"_wandb":{"runtime":2951},"epoch_dice":0.9351560139702871,"_timestamp":1.75036177926295e+09,"_runtime":2581.72876443}