{"epoch_dice":0.9361580519014626,"_timestamp":1.750083918209691e+09,"_runtime":3737.49173919,"_step":0,"_wandb":{"runtime":3746},"epoch_loss":0.05487963441678822}