{"epoch_dice":0.9786808289875479,"_timestamp":1.7503699611334944e+09,"_runtime":49266.702431959,"_step":16,"_wandb":{"runtime":49637},"epoch_loss":0.018182463921190488}