{"_wandb":{"runtime":95146},"epoch_loss":0.010609954126069934,"epoch_dice":0.9871775777236869,"_timestamp":1.7504388091440113e+09,"_runtime":94769.451184361,"_step":31}