{"_step":0,"_wandb":{"runtime":2948},"epoch_loss":0.05760800370077036,"epoch_dice":0.9333101008483179,"_timestamp":1.7503616024363298e+09,"_runtime":2578.420343355}